{"cameraMode":{"drawMode":0,"name":"Shaded","section":"Shading Mode"},"sceneLighting":true,"audioPlay":false,"sceneViewState":{"m_AlwaysRefresh":false,"showFog":true,"showSkybox":true,"showFlares":true,"showImageEffects":true,"showParticleSystems":true,"showVisualEffectGraphs":true,"m_FxEnabled":true},"in2DMode":false,"pivot":{"x":-18.436311721801759,"y":1.8320075273513795,"z":-1.2585469484329224},"rotation":{"x":-0.03785453736782074,"y":0.7607159614562988,"z":-0.04455907642841339,"w":-0.6464707255363464},"size":14.361199378967286,"orthographic":false}